{"cameraMode":{"drawMode":0,"name":"Shaded","section":"Shading Mode"},"sceneLighting":false,"audioPlay":false,"sceneViewState":{"showFog":true,"showMaterialUpdate":true,"showSkybox":false,"showFlares":true,"showImageEffects":true,"showParticleSystems":true},"in2DMode":false,"pivot":{"x":0.33146488666534426,"y":1.8459725379943848,"z":5.398735523223877},"rotation":{"x":0.11556899547576904,"y":-0.6602432131767273,"z":0.10384178906679154,"w":0.7348067164421082},"size":8.56222152709961,"orthographic":false}