{"cameraMode":{"drawMode":0,"name":"Shaded","section":"Shading Mode"},"sceneLighting":true,"audioPlay":false,"sceneViewState":{"showFog":true,"showMaterialUpdate":true,"showSkybox":true,"showFlares":true,"showImageEffects":true,"showParticleSystems":true},"in2DMode":false,"pivot":{"x":0.3051285147666931,"y":1.6005942821502686,"z":-35.863304138183597},"rotation":{"x":0.21888086199760438,"y":-0.2653641700744629,"z":0.061993323266506198,"w":0.9369257688522339},"size":8.750649452209473,"orthographic":false}