{"cameraMode":{"drawMode":0,"name":"Shaded","section":"Shading Mode"},"sceneLighting":false,"audioPlay":false,"sceneViewState":{"showFog":true,"showMaterialUpdate":true,"showSkybox":false,"showFlares":true,"showImageEffects":true,"showParticleSystems":true},"in2DMode":false,"pivot":{"x":4.889163970947266,"y":4.014245510101318,"z":6.678990364074707},"rotation":{"x":0.08604276925325394,"y":-0.40866661071777346,"z":0.038734376430511478,"w":0.9077934622764587},"size":0.30005723237991335,"orthographic":false}