{"cameraMode":{"drawMode":0,"name":"Shaded","section":"Shading Mode"},"sceneLighting":false,"audioPlay":false,"sceneViewState":{"showFog":true,"showMaterialUpdate":true,"showSkybox":false,"showFlares":true,"showImageEffects":true,"showParticleSystems":true},"in2DMode":false,"pivot":{"x":-0.11447471380233765,"y":1.615148901939392,"z":0.474942684173584},"rotation":{"x":0.11601432412862778,"y":-0.3812999427318573,"z":0.04829971864819527,"w":0.9158707857131958},"size":6.600058555603027,"orthographic":false}