{"cameraMode":{"drawMode":0,"name":"Shaded","section":"Shading Mode"},"sceneLighting":false,"audioPlay":false,"sceneViewState":{"showFog":true,"showMaterialUpdate":true,"showSkybox":false,"showFlares":true,"showImageEffects":true,"showParticleSystems":true},"in2DMode":false,"pivot":{"x":-0.8658234477043152,"y":-0.5579999685287476,"z":-2.062471389770508},"rotation":{"x":0.11556899547576904,"y":-0.6602432131767273,"z":0.10384178906679154,"w":0.7348067164421082},"size":8.608491897583008,"orthographic":false}