{"cameraMode":{"drawMode":0,"name":"Shaded","section":"Shading Mode"},"sceneLighting":false,"audioPlay":false,"sceneViewState":{"showFog":true,"showMaterialUpdate":true,"showSkybox":false,"showFlares":true,"showImageEffects":true,"showParticleSystems":true},"in2DMode":false,"pivot":{"x":-114.2578125,"y":215.61001586914063,"z":-36.55799865722656},"rotation":{"x":0.0928514152765274,"y":-0.01762634888291359,"z":0.0016439304454252124,"w":0.9955236315727234},"size":20.757240295410158,"orthographic":false}