{"cameraMode":{"drawMode":0,"name":"Shaded","section":"Shading Mode"},"sceneLighting":false,"audioPlay":false,"sceneViewState":{"showFog":true,"showMaterialUpdate":true,"showSkybox":false,"showFlares":true,"showImageEffects":true,"showParticleSystems":true},"in2DMode":false,"pivot":{"x":-0.04635327681899071,"y":1.0450382232666016,"z":0.33521220088005068},"rotation":{"x":0.11601432412862778,"y":-0.3812999427318573,"z":0.04829971864819527,"w":0.9158707857131958},"size":3.3000569343566896,"orthographic":false}