{"cameraMode":{"drawMode":0,"name":"Shaded","section":"Shading Mode"},"sceneLighting":false,"audioPlay":false,"sceneViewState":{"showFog":true,"showMaterialUpdate":true,"showSkybox":false,"showFlares":true,"showImageEffects":true,"showParticleSystems":true},"in2DMode":false,"pivot":{"x":0.2959524393081665,"y":0.9501070380210877,"z":0.6453018188476563},"rotation":{"x":0.11601432412862778,"y":-0.3812999427318573,"z":0.04829971864819527,"w":0.9158707857131958},"size":3.0000569820404054,"orthographic":false}