{"cameraMode":{"drawMode":0,"name":"Shaded","section":"Shading Mode"},"sceneLighting":false,"audioPlay":false,"sceneViewState":{"showFog":true,"showMaterialUpdate":true,"showSkybox":false,"showFlares":true,"showImageEffects":true,"showParticleSystems":true},"in2DMode":false,"pivot":{"x":1629.72265625,"y":5420.1484375,"z":1166.7940673828125},"rotation":{"x":-0.10181368887424469,"y":0.013724425807595253,"z":-0.0014049025485292078,"w":-0.9947091937065125},"size":28990.2421875,"orthographic":false}