{"cameraMode":{"drawMode":0,"name":"Shaded","section":"Shading Mode"},"sceneLighting":false,"audioPlay":false,"sceneViewState":{"showFog":true,"showMaterialUpdate":true,"showSkybox":false,"showFlares":true,"showImageEffects":true,"showParticleSystems":true},"in2DMode":false,"pivot":{"x":-0.8025641441345215,"y":2.677464008331299,"z":6.714236736297607},"rotation":{"x":0.06805486232042313,"y":-0.8843100666999817,"z":0.13636514544487,"w":0.44132697582244875},"size":8.608491897583008,"orthographic":false}